<?xml version="1.0" encoding="UTF-8"?>
<AnyConnectProfile xmlns="http://schemas.xmlsoap.org/encoding/" xmlns:xsi="http://www.w3.org/2001/XMLSchema-instance" xsi:schemaLocation="http://schemas.xmlsoap.org/encoding/ AnyConnectProfile.xsd">
	<ClientInitialization>
		<UseStartBeforeLogon UserControllable="false">false</UseStartBeforeLogon>
		<AutomaticCertSelection UserControllable="false">true</AutomaticCertSelection>
		<ShowPreConnectMessage>false</ShowPreConnectMessage>
		<CertificateStore>User</CertificateStore>
		<CertificateStoreMac>All</CertificateStoreMac>
		<CertificateStoreOverride>false</CertificateStoreOverride>
		<ProxySettings>Native</ProxySettings>
		<AllowLocalProxyConnections>true</AllowLocalProxyConnections>
		<AuthenticationTimeout>120</AuthenticationTimeout>
		<AutoConnectOnStart UserControllable="true">false</AutoConnectOnStart>
		<MinimizeOnConnect UserControllable="true">true</MinimizeOnConnect>
		<LocalLanAccess UserControllable="true">false</LocalLanAccess>
		<DisableCaptivePortalDetection UserControllable="true">false</DisableCaptivePortalDetection>
		<ClearSmartcardPin UserControllable="false">true</ClearSmartcardPin>
		<IPProtocolSupport>IPv4,IPv6</IPProtocolSupport>
		<AutoReconnect UserControllable="false">true
			<AutoReconnectBehavior UserControllable="false">DisconnectOnSuspend</AutoReconnectBehavior>
		</AutoReconnect>
		<AutoUpdate UserControllable="false">false</AutoUpdate>
		<RSASecurIDIntegration UserControllable="false">Automatic</RSASecurIDIntegration>
		<WindowsLogonEnforcement>SingleLocalLogon</WindowsLogonEnforcement>
		<WindowsVPNEstablishment>LocalUsersOnly</WindowsVPNEstablishment>
		<AutomaticVPNPolicy>false</AutomaticVPNPolicy>
		<PPPExclusion UserControllable="false">Disable
			<PPPExclusionServerIP UserControllable="false"></PPPExclusionServerIP>
		</PPPExclusion>
		<EnableScripting UserControllable="false">false</EnableScripting>
		<CertificateMatch>
			<MatchOnlyCertsWithKU>false</MatchOnlyCertsWithKU>
			<DistinguishedName>
				<DistinguishedNameDefinition Operator="Equal" Wildcard="Enabled" MatchCase="Disabled">
					<Name>DC</Name>
					<Pattern>bskyb</Pattern>
				</DistinguishedNameDefinition>
			</DistinguishedName>
		</CertificateMatch>
		<EnableAutomaticServerSelection UserControllable="false">false
			<AutoServerSelectionImprovement>20</AutoServerSelectionImprovement>
			<AutoServerSelectionSuspendTime>4</AutoServerSelectionSuspendTime>
		</EnableAutomaticServerSelection>
		<RetainVpnOnLogoff>false
		</RetainVpnOnLogoff>
		<AllowManualHostInput>true</AllowManualHostInput>
	</ClientInitialization>
	<ServerList>
		<HostEntry>
			<HostName>Sky Mini-Token</HostName>
			<HostAddress>skyremoteaccess.bskyb.com</HostAddress>
			<UserGroup>SKY-MINI-TOKEN</UserGroup>
		</HostEntry>
		<HostEntry>
			<HostName>Sky OneCard</HostName>
			<HostAddress>skyremoteaccess.bskyb.com</HostAddress>
			<UserGroup>SKY-ONECARD</UserGroup>
		</HostEntry>
		<HostEntry>
			<HostName>Sky Connect</HostName>
			<HostAddress>skyremoteaccess.bskyb.com</HostAddress>
			<UserGroup>SKYCONNECT</UserGroup>
		</HostEntry>
		<HostEntry>
			<HostName>Sky Connect 2.0</HostName>
			<HostAddress>skyremoteaccess.bskyb.com</HostAddress>
			<UserGroup>SKYCONNECT2.0</UserGroup>
		</HostEntry>
	</ServerList>
</AnyConnectProfile>
